Workbook

Sheet Sheet1
A1: Roll No | B1: Name | C1: Subject 1 | D1: Subject 2 | E1: Subject 3 | F1: Subject 4 | G1: Subject 5 | H1: Total | I1: Percentage | J1: Grade | K1: Result | M1: Metric | N1: value
A2: 101 | B2: Amit | C2: 78 | D2: 85 | E2: 90 | F2: 72 | G2: 80 | H2: =SUM(C2:G2) -> 405 | I2: =H2/5 -> 81 | J2: =IF(I2>=90,"A+",IF(I2>=75,"A",IF(I2>=60,"B",IF(I2>=40,"C","F")))) -> A | K2: =IF(I2>=40,"Pass","Fail") -> Pass | M2: Total Students | N2: =COUNTA(B2:B6) -> 5
A3: 102 | B3: Priya | C3: 92 | D3: 88 | E3: 95 | F3: 90 | G3: 94 | H3: =SUM(C3:G3) -> 459 | I3: =H3/5 -> 91.8 | J3: =IF(I3>=90,"A+",IF(I3>=75,"A",IF(I3>=60,"B",IF(I3>=40,"C","F")))) -> A+ | K3: =IF(I3>=40,"Pass","Fail") -> Pass | M3: Passed | N3: =COUNTIF(K2:K6,"Pass") -> 4
A4: 103 | B4: Rahul | C4: 45 | D4: 52 | E4: 60 | F4: 48 | G4: 55 | H4: =SUM(C4:G4) -> 260 | I4: =H4/5 -> 52 | J4: =IF(I4>=90,"A+",IF(I4>=75,"A",IF(I4>=60,"B",IF(I4>=40,"C","F")))) -> C | K4: =IF(I4>=40,"Pass","Fail") -> Pass | M4: Failed | N4: =COUNTIF(K2:K6,"Fail") -> 1
A5: 104 | B5: Sneha | C5: 35 | D5: 42 | E5: 38 | F5: 40 | G5: 36 | H5: =SUM(C5:G5) -> 191 | I5: =H5/5 -> 38.2 | J5: =IF(I5>=90,"A+",IF(I5>=75,"A",IF(I5>=60,"B",IF(I5>=40,"C","F")))) -> F | K5: =IF(I5>=40,"Pass","Fail") -> Fail | M5: Highest Percentage | N5: =MAX(I2:I6) -> 91.8
A6: 105 | B6: Karan | C6: 65 | D6: 70 | E6: 68 | F6: 72 | G6: 75 | H6: =SUM(C6:G6) -> 350 | I6: =H6/5 -> 70 | J6: =IF(I6>=90,"A+",IF(I6>=75,"A",IF(I6>=60,"B",IF(I6>=40,"C","F")))) -> B | K6: =IF(I6>=40,"Pass","Fail") -> Pass | M6: Average Percentage | N6: =AVERAGE(I2:I6) -> 66.6

Sheet DASHBOARD
A1: Metric | B1: value
A2: Total Students | B2: =COUNTA(Sheet1!B2:B6) -> 5
A3: Passed | B3: =COUNTIF(Sheet1!K2:K6,"Pass") -> 4
A4: Failed | B4: =COUNTIF(Sheet1!K2:K6,"Fail") -> 1
A5: Highest Percentage | B5: =MAX(Sheet1!I2:I6) -> 91.8
A6: Average Percentage | B6: =AVERAGE(Sheet1!I2:I6) -> 66.6
